{
	"info": {
		"_postman_id": "3f7c0c14-cad8-4c44-b41a-62f749c2fb71",
		"name": "PruebaDinamica",
		"schema": "https://schema.getpostman.com/json/collection/v2.1.0/collection.json",
		"_exporter_id": "39037753"
	},
	"item": [
		{
			"name": "saludar",
			"request": {
				"method": "GET",
				"header": [],
				"url": {
					"raw": "http://localhost:8080",
					"protocol": "http",
					"host": [
						"localhost"
					],
					"port": "8080"
				}
			},
			"response": []
		},
		{
			"name": "saludar2",
			"request": {
				"method": "GET",
				"header": [],
				"url": {
					"raw": "http://localhost:8080/Juan",
					"protocol": "http",
					"host": [
						"localhost"
					],
					"port": "8080",
					"path": [
						"Juan"
					]
				}
			},
			"response": []
		},
		{
			"name": "saludar3",
			"request": {
				"method": "GET",
				"header": [],
				"url": {
					"raw": "http://localhost:8080/Juan/35",
					"protocol": "http",
					"host": [
						"localhost"
					],
					"port": "8080",
					"path": [
						"Juan",
						"35"
					]
				}
			},
			"response": []
		},
		{
			"name": "saludar5",
			"request": {
				"method": "POST",
				"header": [],
				"body": {
					"mode": "raw",
					"raw": "{\r\n    \"nombre\":\"Pedro\",\r\n    \"edad\": 28\r\n}",
					"options": {
						"raw": {
							"language": "json"
						}
					}
				},
				"url": {
					"raw": "http://localhost:8080/cliente",
					"protocol": "http",
					"host": [
						"localhost"
					],
					"port": "8080",
					"path": [
						"cliente"
					]
				}
			},
			"response": []
		},
		{
			"name": "traerClientes",
			"request": {
				"method": "GET",
				"header": [],
				"url": {
					"raw": "http://localhost:8080/cliente/traer",
					"protocol": "http",
					"host": [
						"localhost"
					],
					"port": "8080",
					"path": [
						"cliente",
						"traer"
					]
				}
			},
			"response": []
		}
	]
}